assignment_id,delivery_id,planned_departure_utc,planned_arrival_utc,planned_distance_km,planned_duration_min,route_segments,status,reason
A_00000,D_00000,2025-09-17T09:38:00Z,2025-09-17T12:25:00Z,219.4,32,"[""N3_000191"", ""R511_001025"", ""R511_001061"", ""N12_000315"", ""R55_001147"", ""N3_000160"", ""N14_000409"", ""R24_000709"", ""N14_000431"", ""R21_000582"", ""N12_000249"", ""R511_001065"", ""N12_000307"", ""R21_000548"", ""N1_000066"", ""R511_001061""]",completed,
A_00001,D_00001,2025-09-17T01:38:00Z,2025-09-17T04:00:00Z,170.5,179,"[""R24_000709"", ""R24_000624"", ""N3_000191"", ""N12_000315"", ""N3_000221"", ""R24_000684"", ""N12_000307"", ""M1_000832"", ""R21_000481"", ""R511_001044"", ""N1_000050"", ""N3_000191"", ""R24_000624"", ""R24_000640"", ""N12_000341""]",planned,
A_00002,D_00002,2025-09-14T19:38:00Z,2025-09-14T21:31:00Z,192.8,235,"[""N12_000348"", ""N12_000307"", ""N12_000341"", ""N12_000341"", ""R511_001071"", ""N14_000456"", ""N3_000229"", ""R511_001025"", ""N3_000190"", ""R21_000481""]",completed,
A_00003,D_00003,2025-09-15T20:38:00Z,2025-09-15T21:45:00Z,90.8,180,"[""N3_000212"", ""N3_000229"", ""N1_000066"", ""N12_000336"", ""R511_001061"", ""N3_000190"", ""R511_000985"", ""M2_000917"", ""R511_001065""]",planned,
A_00004,D_00004,2025-09-15T03:38:00Z,2025-09-15T05:16:00Z,141.3,228,"[""R55_001093"", ""R511_001034"", ""R21_000582"", ""R511_001044"", ""N12_000341"", ""R24_000709"", ""N1_000082"", ""N3_000229"", ""R24_000640"", ""R511_001061"", ""R511_001018"", ""N12_000307"", ""N12_000348""]",rescheduled,congestion
A_00005,D_00005,2025-09-18T02:38:00Z,2025-09-18T03:32:00Z,176.7,22,"[""N12_000336"", ""M1_000825"", ""N12_000322"", ""R24_000665"", ""R511_001071"", ""N1_000050"", ""R24_000642"", ""R55_001155"", ""R511_001034"", ""N1_000050"", ""N3_000136"", ""R511_001044"", ""N12_000341"", ""N3_000229"", ""R511_001025"", ""R55_001155""]",completed,
A_00006,D_00006,2025-09-15T22:38:00Z,2025-09-15T23:59:00Z,59.8,101,"[""R511_001007"", ""R511_000985"", ""N3_000221"", ""R511_001007"", ""N3_000160"", ""R511_001071"", ""M1_000839"", ""R55_001084"", ""R24_000684"", ""N12_000336"", ""N12_000348"", ""R511_001025"", ""R21_000481"", ""N12_000322"", ""N12_000284"", ""M1_000839"", ""N3_000199""]",rescheduled,congestion
A_00007,D_00007,2025-09-17T06:38:00Z,2025-09-17T07:03:00Z,84.5,90,"[""R24_000665"", ""R511_001018"", ""R511_000985"", ""R511_000985"", ""R511_000985"", ""N3_000212"", ""N3_000136"", ""N3_000199"", ""R511_000985"", ""N12_000348""]",completed,
A_00008,D_00008,2025-09-14T17:38:00Z,2025-09-14T20:00:00Z,27.0,234,"[""R21_000582"", ""R55_001084"", ""R21_000582"", ""R21_000538"", ""N12_000284"", ""R511_001018"", ""R511_001007"", ""R511_001034"", ""N3_000240"", ""R24_000640"", ""N14_000456"", ""R511_001018"", ""N3_000199"", ""N3_000191"", ""N1_000082"", ""R511_001034"", ""R511_001018"", ""M2_000917"", ""R21_000548"", ""M1_000818""]",delayed,accident
A_00009,D_00009,2025-09-15T19:38:00Z,2025-09-15T21:15:00Z,29.2,93,"[""N12_000307"", ""R21_000485"", ""R511_001007"", ""N1_000066"", ""N3_000160"", ""R24_000637"", ""N3_000229"", ""R511_001025"", ""N14_000456"", ""R55_001160"", ""N12_000249"", ""M1_000825"", ""R55_001084"", ""N3_000240""]",rescheduled,weather
A_00010,D_00010,2025-09-16T12:38:00Z,2025-09-16T15:17:00Z,69.5,48,"[""N3_000190"", ""N14_000409"", ""R55_001155"", ""N14_000436"", ""R511_001018"", ""N12_000336"", ""N3_000136"", ""N12_000322"", ""N3_000240"", ""R21_000549"", ""N14_000431"", ""R21_000548"", ""M1_000839"", ""M1_000818"", ""R55_001155""]",delayed,congestion
A_00011,D_00011,2025-09-15T00:38:00Z,2025-09-15T02:18:00Z,196.6,166,"[""N12_000336"", ""R21_000548"", ""N3_000199"", ""N3_000199"", ""R511_001007"", ""N1_000050"", ""R24_000624"", ""R21_000548"", ""R511_001034"", ""N3_000191"", ""N14_000436"", ""R21_000538"", ""R55_001084"", ""R55_001160"", ""N1_000050"", ""N14_000456""]",planned,
A_00012,D_00012,2025-09-15T13:38:00Z,2025-09-15T14:51:00Z,142.6,101,"[""N1_000082"", ""R511_001071"", ""N3_000221"", ""R24_000637"", ""R24_000684"", ""M2_000917"", ""R511_001071"", ""N3_000160"", ""R511_001071"", ""R55_001160"", ""R24_000684"", ""R21_000590"", ""R511_001061"", ""N12_000315"", ""M1_000818""]",completed,
A_00013,D_00013,2025-09-15T15:38:00Z,2025-09-15T16:28:00Z,35.0,224,"[""R24_000624"", ""N3_000212"", ""R511_001018"", ""N12_000336"", ""R511_001018"", ""N3_000212"", ""R21_000481"", ""N3_000191"", ""N12_000249"", ""R21_000538"", ""N12_000249"", ""R511_001025"", ""R24_000637"", ""R24_000624"", ""N14_000436"", ""R21_000549""]",in_progress,
A_00014,D_00014,2025-09-15T07:38:00Z,2025-09-15T08:08:00Z,38.4,162,"[""N3_000221"", ""R55_001160"", ""R55_001160"", ""N12_000341"", ""R55_001160"", ""R21_000549"", ""N3_000191"", ""R21_000549"", ""R511_001018"", ""R24_000642"", ""M1_000839"", ""R55_001093""]",in_progress,
A_00015,D_00015,2025-09-15T09:38:00Z,2025-09-15T11:35:00Z,172.6,52,"[""M1_000832"", ""N1_000066"", ""R21_000548"", ""N12_000315"", ""N1_000082"", ""N3_000240"", ""R24_000665"", ""R511_001061"", ""N3_000160"", ""R24_000637"", ""R24_000642"", ""R21_000481"", ""R511_001007"", ""N12_000284"", ""M1_000825""]",planned,
A_00016,D_00016,2025-09-15T22:38:00Z,2025-09-16T01:09:00Z,170.0,213,"[""N12_000341"", ""R24_000637"", ""R21_000549"", ""R24_000684"", ""N14_000431"", ""R21_000548"", ""R24_000640"", ""N12_000284"", ""R21_000485"", ""N12_000341"", ""R511_001025"", ""R21_000590"", ""R511_001044"", ""R24_000624"", ""N3_000190"", ""R511_001025"", ""M1_000825"", ""R21_000590""]",in_progress,
A_00017,D_00017,2025-09-15T01:38:00Z,2025-09-15T03:03:00Z,72.0,162,"[""N1_000066"", ""M1_000825"", ""R511_001071"", ""R511_001065"", ""R55_001084"", ""R21_000538"", ""N14_000456"", ""N1_000050"", ""N12_000284"", ""R21_000485"", ""N3_000240"", ""R511_001025"", ""R511_000985"", ""N12_000249""]",rescheduled,weather
A_00018,D_00018,2025-09-16T09:38:00Z,2025-09-16T10:47:00Z,119.4,142,"[""N3_000229"", ""R21_000481"", ""R55_001147"", ""R21_000485"", ""R21_000569"", ""N12_000348"", ""R21_000569"", ""N12_000249"", ""R21_000548"", ""N1_000050"", ""M1_000839"", ""N3_000191"", ""R55_001155"", ""R21_000582""]",in_progress,
A_00019,D_00019,2025-09-15T03:38:00Z,2025-09-15T04:04:00Z,22.5,114,"[""R24_000642"", ""R21_000590"", ""R21_000548"", ""R511_001065"", ""N12_000336"", ""N1_000066"", ""R21_000582"", ""R511_001007"", ""N12_000284"", ""N3_000191"", ""R24_000665"", ""R55_001093"", ""N1_000066"", ""R511_001034"", ""N14_000431"", ""R55_001147"", ""R511_001007""]",planned,
A_00020,D_00020,2025-09-15T22:38:00Z,2025-09-16T00:37:00Z,12.8,205,"[""R24_000637"", ""R21_000549"", ""N12_000284"", ""M1_000825"", ""M1_000832"", ""N12_000315"", ""N1_000082"", ""R24_000624"", ""R55_001160"", ""M1_000832""]",in_progress,
A_00021,D_00021,2025-09-17T05:38:00Z,2025-09-17T06:18:00Z,91.4,225,"[""R24_000665"", ""N12_000336"", ""N3_000240"", ""N14_000436"", ""N3_000229"", ""N12_000341"", ""N3_000191"", ""R511_000985"", ""N3_000190"", ""R24_000624"", ""N3_000229"", ""R511_001025""]",completed,
A_00022,D_00022,2025-09-14T15:38:00Z,2025-09-14T17:32:00Z,117.5,169,"[""R511_000985"", ""R55_001084"", ""R24_000642"", ""R21_000538"", ""R511_001034"", ""R21_000569"", ""R511_001061"", ""N3_000229"", ""N12_000348"", ""N14_000431"", ""N3_000199"", ""N12_000322"", ""R24_000665"", ""R511_000985"", ""R24_000642"", ""R55_001160"", ""N1_000050""]",in_progress,
A_00023,D_00023,2025-09-14T16:38:00Z,2025-09-14T17:53:00Z,208.2,140,"[""N12_000336"", ""R21_000582"", ""N12_000322"", ""N3_000221"", ""N12_000284"", ""R24_000709"", ""N3_000136"", ""R55_001160"", ""M1_000818"", ""R21_000549"", ""N12_000341"", ""N1_000050"", ""R24_000614"", ""R511_001025""]",rescheduled,roadwork
A_00024,D_00024,2025-09-15T11:38:00Z,2025-09-15T12:03:00Z,61.8,176,"[""M2_000917"", ""N12_000315"", ""M1_000832"", ""R511_001025"", ""N3_000221"", ""R24_000665"", ""R511_001071"", ""R55_001155"", ""R21_000590"", ""R21_000590"", ""M1_000839"", ""N14_000456"", ""N12_000315"", ""R24_000709"", ""R55_001160"", ""R511_001018""]",rescheduled,weather
A_00025,D_00025,2025-09-15T03:38:00Z,2025-09-15T05:55:00Z,211.6,215,"[""R55_001084"", ""R21_000481"", ""N1_000050"", ""R24_000665"", ""R511_001007"", ""N12_000332"", ""R55_001160"", ""M1_000832"", ""M1_000832"", ""M1_000818"", ""R55_001155"", ""N12_000348"", ""N3_000240"", ""M1_000825"", ""N12_000284""]",in_progress,
A_00026,D_00026,2025-09-14T22:38:00Z,2025-09-15T01:20:00Z,34.9,37,"[""R24_000624"", ""R21_000590"", ""N12_000307"", ""R511_001025"", ""R511_001061"", ""N12_000315"", ""N3_000240"", ""N3_000212"", ""N12_000348"", ""N3_000191"", ""N1_000082"", ""N3_000212"", ""N3_000191"", ""N14_000436"", ""N12_000322"", ""R21_000481""]",in_progress,
A_00027,D_00027,2025-09-14T13:38:00Z,2025-09-14T15:20:00Z,103.4,30,"[""R24_000665"", ""R21_000481"", ""R511_000985"", ""R21_000582"", ""N3_000191"", ""N12_000341"", ""R511_001007"", ""R21_000481"", ""N3_000212"", ""R21_000548"", ""R55_001093"", ""R511_001034"", ""R21_000590"", ""R511_001007""]",completed,
A_00028,D_00028,2025-09-17T20:38:00Z,2025-09-17T23:09:00Z,198.9,235,"[""N3_000160"", ""R511_000985"", ""N12_000332"", ""R511_001034"", ""M1_000839"", ""N12_000249"", ""R55_001155"", ""R24_000640"", ""N12_000322"", ""M2_000917"", ""R55_001160"", ""R511_001061"", ""N12_000322"", ""R55_001147"", ""N12_000348"", ""N3_000199"", ""N12_000332"", ""N14_000436""]",planned,
A_00029,D_00029,2025-09-15T22:38:00Z,2025-09-16T00:35:00Z,92.4,62,"[""R21_000569"", ""N12_000315"", ""R24_000665"", ""R21_000538"", ""R24_000684"", ""R21_000538"", ""R21_000485"", ""R21_000538"", ""R511_001025"", ""R21_000481"", ""N14_000456"", ""R55_001155"", ""R21_000549""]",rescheduled,accident
A_00030,D_00030,2025-09-16T02:38:00Z,2025-09-16T05:20:00Z,35.5,40,"[""R21_000590"", ""N14_000456"", ""N12_000315"", ""R21_000590"", ""N1_000066"", ""R21_000549"", ""R55_001160"", ""N3_000221"", ""R21_000569"", ""M1_000825"", ""N12_000249"", ""R24_000709"", ""N14_000409"", ""R21_000548"", ""N3_000191""]",completed,
A_00031,D_00031,2025-09-16T02:38:00Z,2025-09-16T05:00:00Z,32.2,219,"[""R24_000684"", ""R24_000665"", ""N3_000160"", ""M1_000839"", ""R24_000665"", ""N3_000221"", ""N14_000436"", ""R24_000642"", ""N14_000409"", ""M1_000825"", ""N3_000229"", ""N14_000409"", ""R24_000640"", ""M1_000832"", ""R55_001084"", ""R511_001044"", ""N12_000315""]",delayed,roadwork
A_00032,D_00032,2025-09-17T21:38:00Z,2025-09-18T00:21:00Z,209.2,207,"[""R24_000642"", ""N12_000284"", ""N1_000066"", ""R24_000684"", ""N3_000240"", ""M1_000839"", ""R511_001071"", ""N14_000431"", ""N1_000066"", ""N12_000348"", ""R24_000709"", ""N14_000456"", ""R511_001065"", ""R21_000481"", ""R511_001061"", ""R21_000538"", ""R21_000485"", ""R21_000538"", ""M1_000818"", ""N1_000066""]",delayed,accident
A_00033,D_00033,2025-09-17T19:38:00Z,2025-09-17T20:56:00Z,202.2,164,"[""R24_000665"", ""N12_000315"", ""R21_000548"", ""N14_000436"", ""N3_000221"", ""M1_000839"", ""R24_000642"", ""R511_001007"", ""N3_000199""]",completed,
A_00034,D_00034,2025-09-17T07:38:00Z,2025-09-17T09:40:00Z,219.6,208,"[""R511_001071"", ""R55_001147"", ""N3_000136"", ""R511_001065"", ""N12_000336"", ""N1_000082"", ""N12_000315"", ""R21_000548"", ""R21_000538"", ""R55_001084""]",planned,
A_00035,D_00035,2025-09-15T20:38:00Z,2025-09-15T22:57:00Z,187.3,198,"[""N3_000160"", ""R511_001018"", ""N12_000332"", ""N3_000240"", ""R24_000684"", ""N1_000066"", ""R24_000614"", ""R24_000665"", ""N3_000199"", ""R24_000637""]",completed,
A_00036,D_00036,2025-09-17T14:38:00Z,2025-09-17T17:18:00Z,172.8,162,"[""M1_000825"", ""R24_000709"", ""R24_000614"", ""R24_000624"", ""R21_000548"", ""N3_000191"", ""N12_000307"", ""R55_001155"", ""R511_001061"", ""R24_000642"", ""R24_000684"", ""M1_000825"", ""N12_000307"", ""R24_000665"", ""R24_000637"", ""N12_000341"", ""R24_000642"", ""R24_000665""]",completed,
A_00037,D_00037,2025-09-14T10:38:00Z,2025-09-14T11:32:00Z,11.1,52,"[""R511_001044"", ""R24_000637"", ""R21_000538"", ""N12_000315"", ""R511_001061"", ""R511_001018"", ""R24_000665"", ""R55_001084"", ""N1_000050"", ""R55_001155"", ""N3_000212"", ""R21_000485""]",in_progress,
A_00038,D_00038,2025-09-16T00:38:00Z,2025-09-16T01:31:00Z,106.8,221,"[""R21_000549"", ""R24_000684"", ""R511_001034"", ""M1_000832"", ""R511_001065"", ""M1_000818"", ""N12_000322"", ""N3_000136"", ""N12_000336""]",planned,
A_00039,D_00039,2025-09-17T22:38:00Z,2025-09-18T00:21:00Z,135.5,188,"[""M1_000818"", ""M1_000825"", ""N3_000191"", ""N3_000160"", ""M1_000825"", ""R511_001065"", ""M1_000818"", ""N3_000221"", ""N1_000050"", ""N3_000160"", ""N3_000240"", ""N1_000066"", ""N14_000409"", ""R24_000709"", ""N3_000190"", ""M1_000818""]",rescheduled,congestion
A_00040,D_00040,2025-09-14T23:38:00Z,2025-09-15T00:25:00Z,58.5,115,"[""R21_000582"", ""R24_000614"", ""R24_000642"", ""N1_000082"", ""N3_000190"", ""N14_000456"", ""R21_000481"", ""N12_000348"", ""N1_000050"", ""R24_000642"", ""R24_000640"", ""R24_000614"", ""R21_000548"", ""N12_000315"", ""R21_000582"", ""N12_000307"", ""R21_000549"", ""R511_001018"", ""R24_000642"", ""M1_000839""]",delayed,congestion
A_00041,D_00041,2025-09-17T12:38:00Z,2025-09-17T14:06:00Z,133.8,85,"[""R21_000569"", ""R24_000642"", ""R55_001155"", ""R21_000582"", ""N12_000341"", ""R21_000481"", ""R511_001018"", ""R511_001025"", ""N3_000136"", ""R55_001093"", ""N3_000212"", ""N12_000336"", ""R21_000582"", ""R55_001147"", ""R21_000590"", ""R511_001044"", ""N14_000436"", ""M2_000917""]",in_progress,
A_00042,D_00042,2025-09-15T17:38:00Z,2025-09-15T18:59:00Z,188.3,111,"[""N14_000436"", ""N14_000431"", ""M1_000839"", ""N12_000249"", ""R24_000709"", ""M1_000825"", ""R24_000624"", ""N3_000229"", ""N14_000456"", ""N12_000341"", ""N3_000160"", ""R24_000640"", ""N14_000431"", ""R21_000569"", ""R21_000485"", ""N3_000191""]",completed,
A_00043,D_00043,2025-09-15T05:38:00Z,2025-09-15T07:42:00Z,121.5,103,"[""R511_001025"", ""N14_000436"", ""N3_000199"", ""N3_000240"", ""N14_000431"", ""R55_001155"", ""R21_000549"", ""N12_000307"", ""R24_000642"", ""R24_000637"", ""R21_000549"", ""R21_000582"", ""R511_000985"", ""N1_000082"", ""R55_001147"", ""N1_000082"", ""N12_000332""]",rescheduled,accident
A_00044,D_00044,2025-09-15T00:38:00Z,2025-09-15T03:27:00Z,23.8,98,"[""R24_000709"", ""N1_000082"", ""R511_001025"", ""N1_000082"", ""N14_000431"", ""R511_001018"", ""N12_000336"", ""R55_001084"", ""N12_000341"", ""R511_001034"", ""R24_000624"", ""R511_001071"", ""N3_000229"", ""R55_001147"", ""R24_000614"", ""R55_001147""]",planned,
A_00045,D_00045,2025-09-15T14:38:00Z,2025-09-15T15:08:00Z,117.5,43,"[""N12_000336"", ""N3_000212"", ""R21_000582"", ""N12_000284"", ""N12_000336"", ""R24_000640"", ""N12_000315"", ""N3_000190"", ""N1_000082"", ""R511_001007"", ""N3_000229"", ""N12_000315"", ""N3_000212"", ""R55_001093"", ""R21_000548"", ""M2_000917"", ""N12_000322""]",planned,
A_00046,D_00046,2025-09-17T00:38:00Z,2025-09-17T02:28:00Z,92.2,171,"[""R511_001044"", ""R511_000985"", ""R24_000684"", ""N12_000322"", ""N3_000136"", ""N3_000136"", ""R511_001044"", ""R511_001065"", ""N3_000199""]",completed,
A_00047,D_00047,2025-09-14T20:38:00Z,2025-09-14T22:17:00Z,12.2,124,"[""N3_000229"", ""R511_001065"", ""R511_001034"", ""R511_001007"", ""N14_000456"", ""N3_000212"", ""N12_000284"", ""N12_000315"", ""R55_001155"", ""N3_000221"", ""R24_000624"", ""N3_000136"", ""R21_000569"", ""N3_000191"", ""R24_000624"", ""R24_000624"", ""R24_000709"", ""R24_000709""]",planned,
A_00048,D_00048,2025-09-16T16:38:00Z,2025-09-16T17:17:00Z,169.5,158,"[""R21_000582"", ""M1_000839"", ""N14_000456"", ""R21_000569"", ""N3_000240"", ""N12_000341"", ""N12_000332"", ""R24_000684"", ""N12_000348"", ""N14_000456"", ""M2_000917""]",in_progress,
A_00049,D_00049,2025-09-14T21:38:00Z,2025-09-14T22:56:00Z,170.2,180,"[""N12_000284"", ""R511_001034"", ""N12_000315"", ""N1_000066"", ""R24_000637"", ""R511_000985"", ""N14_000431"", ""R24_000640"", ""R55_001093"", ""N12_000249"", ""N3_000212"", ""R24_000624"", ""R24_000637"", ""N3_000221"", ""R511_001071"", ""R24_000640""]",planned,
A_00050,D_00050,2025-09-16T13:38:00Z,2025-09-16T15:33:00Z,15.1,71,"[""R24_000684"", ""R24_000637"", ""R511_001044"", ""R21_000582"", ""R24_000640"", ""R24_000684"", ""R21_000549"", ""R511_001044"", ""N3_000191"", ""R21_000582"", ""N3_000212"", ""R511_000985"", ""R511_001025"", ""R55_001147"", ""N12_000322"", ""N12_000348"", ""M1_000839""]",delayed,accident
A_00051,D_00051,2025-09-17T01:38:00Z,2025-09-17T03:31:00Z,87.0,122,"[""N3_000199"", ""N12_000315"", ""N1_000050"", ""R55_001093"", ""R55_001147"", ""M1_000832"", ""N1_000082"", ""R511_001044"", ""R21_000485"", ""N3_000191"", ""R511_001061"", ""R24_000684"", ""N1_000050"", ""R21_000569"", ""N3_000136"", ""N12_000249""]",in_progress,
A_00052,D_00052,2025-09-15T00:38:00Z,2025-09-15T01:57:00Z,146.7,135,"[""N14_000456"", ""M1_000825"", ""N14_000456"", ""R55_001160"", ""R24_000637"", ""R55_001093"", ""R24_000665"", ""N3_000199"", ""N3_000229""]",in_progress,
A_00053,D_00053,2025-09-17T01:38:00Z,2025-09-17T02:46:00Z,196.8,77,"[""R55_001160"", ""N14_000436"", ""M1_000825"", ""R55_001084"", ""N3_000160"", ""N14_000436"", ""R511_001061"", ""R55_001147"", ""R24_000709"", ""R24_000637"", ""R55_001155"", ""R511_001018"", ""N14_000456"", ""R511_001025"", ""R24_000684"", ""R511_001025"", ""R24_000637"", ""N3_000221""]",completed,
A_00054,D_00054,2025-09-18T01:38:00Z,2025-09-18T02:39:00Z,124.3,109,"[""R511_001025"", ""R21_000549"", ""R55_001084"", ""N14_000431"", ""N14_000409"", ""M2_000917"", ""R511_000985"", ""R24_000709"", ""N14_000431"", ""N3_000136"", ""R55_001147"", ""R511_001007"", ""N3_000229"", ""R24_000637""]",rescheduled,weather
A_00055,D_00055,2025-09-15T16:38:00Z,2025-09-15T19:02:00Z,83.3,24,"[""R21_000538"", ""N12_000249"", ""R511_001034"", ""R511_001071"", ""R55_001147"", ""R55_001155"", ""N3_000136"", ""R21_000549"", ""M1_000832"", ""M2_000917"", ""R21_000569"", ""R511_001065"", ""M1_000839"", ""R24_000637"", ""N12_000315"", ""R511_001025""]",in_progress,
A_00056,D_00056,2025-09-14T20:38:00Z,2025-09-14T21:29:00Z,113.7,194,"[""R24_000624"", ""N3_000212"", ""R21_000549"", ""R511_001007"", ""N1_000050"", ""N12_000307"", ""R24_000642"", ""R24_000624"", ""M1_000839"", ""R511_001061"", ""R55_001160"", ""R55_001160"", ""N3_000199"", ""N14_000456"", ""R24_000709"", ""R24_000684"", ""R24_000684"", ""N3_000229"", ""N12_000322""]",rescheduled,congestion
A_00057,D_00057,2025-09-16T02:38:00Z,2025-09-16T05:17:00Z,202.5,128,"[""R55_001155"", ""N3_000240"", ""R21_000548"", ""R55_001084"", ""N3_000240"", ""R21_000481"", ""R21_000481"", ""R21_000485"", ""R21_000481"", ""N3_000199"", ""N3_000240"", ""N12_000284"", ""R55_001160"", ""R511_001018"", ""R21_000590"", ""M1_000839"", ""R24_000637"", ""N14_000456"", ""N1_000066"", ""R24_000637""]",delayed,congestion
A_00058,D_00058,2025-09-15T09:38:00Z,2025-09-15T11:53:00Z,136.6,22,"[""R55_001160"", ""R24_000642"", ""R21_000569"", ""R511_001034"", ""N14_000431"", ""N14_000431"", ""M1_000825"", ""N12_000322"", ""N3_000160"", ""R511_000985"", ""R511_001034"", ""N3_000190"", ""M2_000917"", ""M1_000832"", ""N3_000190"", ""R21_000485"", ""M1_000818"", ""N3_000221"", ""N12_000322""]",planned,
A_00059,D_00059,2025-09-15T18:38:00Z,2025-09-15T20:38:00Z,143.8,175,"[""R24_000614"", ""R511_000985"", ""R55_001084"", ""N3_000190"", ""N3_000221"", ""N12_000336"", ""N3_000199"", ""N14_000456"", ""R55_001155"", ""R21_000590"", ""R24_000624"", ""N14_000456"", ""R21_000569"", ""R55_001084"", ""N3_000229""]",in_progress,
A_00060,D_00060,2025-09-14T08:38:00Z,2025-09-14T09:08:00Z,144.4,98,"[""R24_000624"", ""N14_000409"", ""M1_000832"", ""R24_000684"", ""R55_001093"", ""N14_000436"", ""N14_000431"", ""R511_001044"", ""R511_001061"", ""M1_000839""]",planned,
A_00061,D_00061,2025-09-14T20:38:00Z,2025-09-14T23:34:00Z,11.7,194,"[""M1_000832"", ""R55_001155"", ""N12_000341"", ""N14_000409"", ""R55_001147"", ""N12_000315"", ""M1_000818"", ""N12_000315"", ""R24_000684"", ""M2_000917"", ""R55_001084"", ""N3_000160"", ""N12_000341"", ""N12_000348"", ""R21_000590""]",planned,
A_00062,D_00062,2025-09-14T17:38:00Z,2025-09-14T18:19:00Z,86.7,164,"[""N3_000212"", ""R55_001160"", ""N3_000190"", ""R511_001034"", ""N12_000315"", ""M2_000917"", ""N3_000199"", ""R21_000485"", ""R24_000709"", ""R511_001061"", ""R24_000642"", ""N12_000307"", ""N12_000307"", ""R24_000614""]",completed,
A_00063,D_00063,2025-09-17T12:38:00Z,2025-09-17T14:16:00Z,95.0,162,"[""N14_000409"", ""R55_001093"", ""R24_000614"", ""R21_000538"", ""R55_001093"", ""N12_000341"", ""R24_000637"", ""N3_000212"", ""N12_000336"", ""R24_000642"", ""R511_001065"", ""N3_000221""]",in_progress,
A_00064,D_00064,2025-09-18T00:38:00Z,2025-09-18T03:03:00Z,155.6,127,"[""N12_000322"", ""N3_000199"", ""N3_000221"", ""R21_000538"", ""R511_001025"", ""R55_001147"", ""R55_001147"", ""R24_000637"", ""R21_000538""]",rescheduled,accident
A_00065,D_00065,2025-09-15T07:38:00Z,2025-09-15T09:27:00Z,28.9,191,"[""R21_000549"", ""N14_000456"", ""N14_000436"", ""R511_001044"", ""R21_000481"", ""R55_001084"", ""N1_000066"", ""R21_000481"", ""N14_000436"", ""R55_001155"", ""R24_000624"", ""N14_000431"", ""N12_000336"", ""R21_000569"", ""N12_000284"", ""N12_000341"", ""R24_000642"", ""M1_000839"", ""N3_000190"", ""M1_000839""]",delayed,congestion
A_00066,D_00066,2025-09-14T18:38:00Z,2025-09-14T21:22:00Z,165.6,70,"[""M1_000832"", ""M2_000917"", ""R24_000637"", ""R511_001061"", ""N3_000190"", ""R55_001155"", ""N3_000136"", ""R24_000642"", ""R511_001061"", ""M1_000825"", ""R511_001044"", ""R511_001007"", ""N3_000199"", ""N12_000341"", ""R24_000642"", ""M1_000818"", ""R21_000590"", ""R21_000549"", ""R21_000481""]",completed,
A_00067,D_00067,2025-09-16T16:38:00Z,2025-09-16T19:03:00Z,139.3,161,"[""N3_000221"", ""N14_000456"", ""R511_001034"", ""R24_000640"", ""N1_000082"", ""N12_000336"", ""R511_001025"", ""N12_000307"", ""N3_000191"", ""R21_000538"", ""N3_000212"", ""R511_001007""]",planned,
A_00068,D_00068,2025-09-17T22:38:00Z,2025-09-18T00:42:00Z,164.7,195,"[""N3_000136"", ""R511_001025"", ""R511_001044"", ""R24_000637"", ""R511_000985"", ""N1_000082"", ""R21_000538"", ""R21_000481"", ""N3_000199"", ""R21_000549"", ""R511_001034"", ""R511_001061"", ""M1_000839""]",planned,
A_00069,D_00069,2025-09-16T06:38:00Z,2025-09-16T08:51:00Z,10.2,230,"[""R24_000614"", ""R21_000548"", ""R21_000548"", ""N3_000136"", ""N3_000240"", ""N12_000249"", ""N12_000341"", ""N12_000348"", ""R21_000548"", ""M1_000839"", ""M1_000825"", ""R21_000481"", ""M1_000832"", ""N3_000191"", ""R24_000709""]",rescheduled,congestion
A_00070,D_00070,2025-09-17T07:38:00Z,2025-09-17T10:29:00Z,158.4,90,"[""R55_001155"", ""N3_000190"", ""R21_000481"", ""N3_000240"", ""N3_000199"", ""R21_000548"", ""M1_000825"", ""R21_000548"", ""R24_000684"", ""R511_001065""]",rescheduled,congestion
A_00071,D_00071,2025-09-14T14:38:00Z,2025-09-14T15:45:00Z,199.8,28,"[""R511_001065"", ""R21_000485"", ""N12_000284"", ""N3_000229"", ""R21_000549"", ""M2_000917"", ""R21_000569"", ""R55_001093"", ""M1_000825"", ""R21_000538"", ""R511_001044"", ""N12_000341"", ""N12_000348"", ""N3_000212"", ""R21_000590"", ""N14_000436""]",planned,
A_00072,D_00072,2025-09-15T19:38:00Z,2025-09-15T20:57:00Z,117.9,103,"[""N12_000332"", ""R21_000569"", ""N3_000212"", ""R511_001025"", ""N1_000066"", ""R24_000665"", ""N14_000409"", ""N12_000249"", ""M1_000839"", ""R511_001034"", ""N3_000136"", ""N12_000249"", ""N12_000332""]",completed,
A_00073,D_00073,2025-09-17T01:38:00Z,2025-09-17T02:10:00Z,89.8,28,"[""N3_000199"", ""N14_000436"", ""R511_001007"", ""R21_000549"", ""N12_000322"", ""N12_000332"", ""N3_000191"", ""R511_001044"", ""N3_000190"", ""N3_000240"", ""N3_000199"", ""R511_000985"", ""R511_001007"", ""M1_000832"", ""N3_000212"", ""M1_000839""]",delayed,accident
A_00074,D_00074,2025-09-15T07:38:00Z,2025-09-15T08:48:00Z,46.6,151,"[""R511_001065"", ""R511_001018"", ""R21_000549"", ""N12_000336"", ""R55_001084"", ""R24_000637"", ""N3_000221"", ""N12_000322"", ""N12_000315"", ""N1_000050"", ""N12_000322"", ""R55_001084"", ""N1_000050"", ""R55_001147"", ""N3_000136"", ""R21_000481"", ""R24_000637"", ""R24_000624""]",planned,
A_00075,D_00075,2025-09-18T06:38:00Z,2025-09-18T07:16:00Z,81.2,42,"[""N3_000191"", ""N14_000409"", ""R511_001061"", ""N3_000229"", ""M1_000818"", ""M1_000825"", ""N3_000212"", ""N3_000160"", ""R55_001084"", ""N12_000322""]",in_progress,
A_00076,D_00076,2025-09-15T07:38:00Z,2025-09-15T10:00:00Z,34.4,231,"[""R511_001061"", ""N12_000332"", ""M1_000818"", ""N14_000431"", ""N12_000307"", ""R21_000538"", ""N3_000160"", ""N14_000456"", ""N3_000190"", ""R511_001007"", ""M1_000832"", ""M1_000832""]",rescheduled,weather
A_00077,D_00077,2025-09-16T03:38:00Z,2025-09-16T04:06:00Z,71.7,179,"[""N3_000240"", ""M1_000818"", ""N12_000315"", ""N3_000229"", ""M1_000818"", ""N3_000199"", ""R511_001007"", ""R24_000684"", ""N3_000190"", ""R55_001160"", ""R24_000637"", ""R511_001071"", ""N14_000431"", ""R24_000709"", ""N14_000456"", ""N3_000136""]",delayed,weather
A_00078,D_00078,2025-09-18T06:38:00Z,2025-09-18T09:06:00Z,12.5,57,"[""R24_000709"", ""R21_000590"", ""R21_000538"", ""N3_000240"", ""R511_001065"", ""R24_000640"", ""R24_000709"", ""M1_000818"", ""N1_000082"", ""R55_001084"", ""R24_000637"", ""R511_001061"", ""R21_000548"", ""N3_000160"", ""N1_000050"", ""R511_000985"", ""R24_000709"", ""R21_000538""]",planned,
A_00079,D_00079,2025-09-15T05:38:00Z,2025-09-15T06:41:00Z,218.8,116,"[""N12_000284"", ""N12_000336"", ""N12_000307"", ""R511_001071"", ""N3_000212"", ""R511_001065"", ""R24_000709"", ""N3_000199"", ""N3_000199"", ""N14_000436"", ""R55_001147"", ""N3_000229"", ""N12_000284""]",completed,
A_00080,D_00080,2025-09-17T16:38:00Z,2025-09-17T18:30:00Z,69.2,141,"[""R21_000481"", ""R24_000684"", ""R24_000624"", ""N14_000431"", ""N3_000160"", ""R21_000485"", ""N12_000307"", ""M1_000832"", ""N3_000229"", ""R511_001034"", ""M1_000818"", ""N3_000212"", ""R21_000569"", ""R24_000665"", ""M2_000917"", ""R511_001018""]",completed,
A_00081,D_00081,2025-09-16T17:38:00Z,2025-09-16T19:22:00Z,19.8,210,"[""N14_000431"", ""R21_000549"", ""R55_001155"", ""R24_000624"", ""R55_001160"", ""R511_001018"", ""N3_000136"", ""R511_001071"", ""R24_000665"", ""R511_001065"", ""R511_001007"", ""R21_000582"", ""R21_000590"", ""N3_000221"", ""R511_001071""]",completed,
A_00082,D_00082,2025-09-14T16:38:00Z,2025-09-14T17:05:00Z,64.5,66,"[""R24_000665"", ""R21_000590"", ""R21_000538"", ""R21_000582"", ""N1_000066"", ""R511_001007"", ""N14_000431"", ""R511_001065"", ""N3_000136"", ""R24_000614"", ""N12_000332"", ""R55_001084"", ""R24_000684"", ""R55_001155"", ""N14_000409"", ""N1_000050"", ""N12_000307""]",planned,
A_00083,D_00083,2025-09-17T06:38:00Z,2025-09-17T07:56:00Z,32.1,195,"[""M1_000832"", ""R511_001018"", ""N3_000191"", ""M1_000832"", ""M1_000825"", ""R21_000582"", ""M2_000917"", ""R24_000640"", ""M2_000917""]",delayed,accident
A_00084,D_00084,2025-09-14T22:38:00Z,2025-09-15T00:00:00Z,201.9,52,"[""N14_000409"", ""N12_000332"", ""M1_000832"", ""R511_001044"", ""R21_000549"", ""N12_000284"", ""N3_000190"", ""R21_000569"", ""N3_000212"", ""N12_000284"", ""R511_001025"", ""N14_000409"", ""N3_000229"", ""N14_000456""]",in_progress,
A_00085,D_00085,2025-09-14T23:38:00Z,2025-09-15T02:12:00Z,89.9,162,"[""N12_000322"", ""M1_000818"", ""N1_000082"", ""R21_000582"", ""R21_000538"", ""N12_000284"", ""R24_000709"", ""R511_001061"", ""R24_000642"", ""R55_001093"", ""N12_000332"", ""R511_001025"", ""R21_000590"", ""R511_000985"", ""M1_000818"", ""N12_000322"", ""N3_000229""]",delayed,congestion
A_00086,D_00086,2025-09-18T03:38:00Z,2025-09-18T04:51:00Z,89.6,187,"[""N14_000456"", ""R511_001034"", ""R21_000538"", ""R24_000624"", ""N3_000160"", ""R511_001061"", ""R511_001007"", ""N12_000284""]",planned,
A_00087,D_00087,2025-09-15T15:38:00Z,2025-09-15T16:28:00Z,189.8,86,"[""R24_000640"", ""R55_001160"", ""R511_001034"", ""R511_001018"", ""N3_000221"", ""N14_000409"", ""N12_000348"", ""R24_000640"", ""N1_000082"", ""R511_001018"", ""N3_000199"", ""R55_001084"", ""M2_000917""]",rescheduled,roadwork
A_00088,D_00088,2025-09-15T05:38:00Z,2025-09-15T07:19:00Z,144.7,102,"[""M1_000825"", ""N1_000082"", ""N3_000136"", ""R511_001044"", ""R511_001018"", ""R21_000481"", ""N12_000307"", ""R21_000569"", ""N12_000249"", ""R21_000569"", ""R55_001155"", ""M1_000818"", ""R511_001034"", ""R55_001160"", ""R511_000985"", ""N3_000136"", ""R21_000548"", ""R511_001018"", ""R511_001044"", ""N3_000191""]",planned,
A_00089,D_00089,2025-09-17T18:38:00Z,2025-09-17T20:40:00Z,174.7,216,"[""R24_000642"", ""M1_000832"", ""R24_000637"", ""N12_000341"", ""R55_001084"", ""N3_000240"", ""R24_000709"", ""R21_000548"", ""M1_000839"", ""R511_001007"", ""R24_000637"", ""R24_000642"", ""R511_001071"", ""N14_000436"", ""N12_000341""]",planned,
A_00090,D_00090,2025-09-15T09:38:00Z,2025-09-15T11:42:00Z,154.5,35,"[""R55_001160"", ""N12_000322"", ""R21_000485"", ""N14_000436"", ""N14_000456"", ""R55_001084"", ""N12_000249"", ""R511_001044"", ""R21_000485"", ""R21_000548"", ""R511_001025""]",in_progress,
A_00091,D_00091,2025-09-15T13:38:00Z,2025-09-15T14:27:00Z,138.4,88,"[""R21_000485"", ""R21_000549"", ""M1_000825"", ""M1_000825"", ""R511_001034"", ""N3_000229"", ""R24_000614"", ""R55_001093"", ""R21_000538"", ""R24_000684"", ""M1_000825"", ""R24_000665"", ""N3_000212"", ""N12_000249"", ""N3_000199"", ""R511_001061"", ""N3_000212"", ""N1_000082"", ""R511_001061"", ""N12_000249""]",in_progress,
A_00092,D_00092,2025-09-15T00:38:00Z,2025-09-15T01:35:00Z,102.3,235,"[""N3_000136"", ""R511_001034"", ""N12_000336"", ""N3_000212"", ""R511_000985"", ""R511_001044"", ""N12_000307"", ""M2_000917"", ""R21_000590"", ""N3_000240"", ""R511_000985"", ""R24_000709"", ""N3_000212"", ""R24_000624"", ""M1_000832""]",completed,
A_00093,D_00093,2025-09-17T00:38:00Z,2025-09-17T03:23:00Z,66.7,149,"[""M2_000917"", ""R24_000709"", ""R511_001044"", ""R21_000481"", ""N12_000348"", ""R511_001061"", ""N14_000456"", ""R511_001007"", ""N1_000050"", ""R511_001061""]",in_progress,
A_00094,D_00094,2025-09-16T01:38:00Z,2025-09-16T03:57:00Z,203.4,119,"[""N1_000066"", ""N12_000307"", ""N3_000191"", ""R55_001160"", ""R21_000481"", ""N3_000160"", ""N3_000240"", ""R24_000709"", ""N12_000348"", ""R55_001155"", ""R21_000538"", ""R55_001155"", ""R24_000709"", ""M1_000832"", ""N1_000082"", ""N3_000199"", ""N3_000212""]",completed,
A_00095,D_00095,2025-09-17T08:38:00Z,2025-09-17T10:37:00Z,156.1,104,"[""N12_000341"", ""R511_001025"", ""M1_000839"", ""R24_000614"", ""N12_000332"", ""N12_000336"", ""N3_000190"", ""R21_000481"", ""N3_000136"", ""N14_000409"", ""R55_001084"", ""R511_000985"", ""R55_001160"", ""N3_000136"", ""R511_001065"", ""N3_000160"", ""N1_000066"", ""R21_000569"", ""N12_000284"", ""N3_000136""]",in_progress,
A_00096,D_00096,2025-09-17T23:38:00Z,2025-09-18T02:09:00Z,83.6,170,"[""N3_000212"", ""N14_000436"", ""N12_000336"", ""R21_000485"", ""R24_000640"", ""N3_000199"", ""R21_000549"", ""R55_001155"", ""N14_000431"", ""N3_000229"", ""N3_000190"", ""M1_000832""]",delayed,congestion
A_00097,D_00097,2025-09-17T08:38:00Z,2025-09-17T11:09:00Z,41.3,165,"[""R21_000481"", ""R511_001044"", ""N12_000348"", ""R511_001025"", ""M2_000917"", ""R21_000548"", ""M1_000825"", ""N12_000315"", ""N1_000082"", ""N1_000050"", ""N12_000341"", ""N12_000322"", ""N12_000336"", ""N12_000307"", ""R55_001147"", ""N14_000456"", ""R24_000665""]",planned,
A_00098,D_00098,2025-09-17T02:38:00Z,2025-09-17T04:07:00Z,187.8,120,"[""R511_001025"", ""R24_000640"", ""R21_000582"", ""N12_000336"", ""N1_000066"", ""R511_001034"", ""R511_001061"", ""M1_000818"", ""N12_000249"", ""N3_000136"", ""N14_000409""]",rescheduled,accident
A_00099,D_00099,2025-09-16T13:38:00Z,2025-09-16T16:28:00Z,153.3,169,"[""N3_000240"", ""R21_000549"", ""R24_000640"", ""R21_000485"", ""N3_000190"", ""M2_000917"", ""N12_000332"", ""N12_000348"", ""M1_000818"", ""R24_000665"", ""R511_001025"", ""N12_000284""]",planned,
A_00100,D_00100,2025-09-16T04:38:00Z,2025-09-16T05:58:00Z,47.3,177,"[""R24_000640"", ""R24_000637"", ""R24_000624"", ""R511_001061"", ""R24_000637"", ""R21_000538"", ""R24_000624"", ""R21_000590"", ""R21_000549"", ""M1_000832"", ""R21_000538"", ""N12_000336"", ""N3_000221"", ""N12_000284"", ""R55_001093"", ""R511_001018"", ""N3_000212""]",completed,
A_00101,D_00101,2025-09-16T11:38:00Z,2025-09-16T14:32:00Z,119.3,64,"[""N3_000221"", ""N14_000431"", ""N3_000191"", ""R511_001044"", ""R21_000549"", ""R21_000538"", ""R24_000709"", ""M1_000825"", ""N12_000341"", ""R24_000640""]",in_progress,
A_00102,D_00102,2025-09-14T15:38:00Z,2025-09-14T18:32:00Z,16.2,179,"[""R21_000549"", ""R21_000549"", ""R21_000549"", ""R21_000549"", ""M1_000839"", ""N3_000240"", ""R24_000642"", ""R21_000549"", ""R21_000485"", ""N3_000160""]",planned,
A_00103,D_00103,2025-09-17T05:38:00Z,2025-09-17T07:26:00Z,202.4,105,"[""N1_000050"", ""N3_000240"", ""N3_000190"", ""N3_000199"", ""R55_001084"", ""R21_000549"", ""N14_000436"", ""R21_000485"", ""R55_001093"", ""N3_000190"", ""R24_000640"", ""R24_000637"", ""N12_000307"", ""R21_000582"", ""R24_000640"", ""N1_000082"", ""R24_000640""]",planned,
A_00104,D_00104,2025-09-15T06:38:00Z,2025-09-15T08:38:00Z,135.2,95,"[""N12_000249"", ""N12_000332"", ""N1_000066"", ""R21_000569"", ""N14_000409"", ""R24_000684"", ""N12_000322"", ""R21_000569"", ""R511_001061"", ""N14_000456"", ""R21_000569"", ""R55_001084"", ""R24_000709"", ""R511_001071"", ""N3_000212""]",in_progress,
A_00105,D_00105,2025-09-14T06:38:00Z,2025-09-14T07:53:00Z,175.6,184,"[""N3_000212"", ""R55_001147"", ""R511_001065"", ""N1_000082"", ""R511_001061"", ""R24_000637"", ""N12_000336"", ""N3_000160"", ""N14_000436""]",delayed,congestion
A_00106,D_00106,2025-09-17T23:38:00Z,2025-09-18T02:37:00Z,101.4,132,"[""R511_001044"", ""N12_000348"", ""R511_001065"", ""N12_000315"", ""N14_000409"", ""N12_000284"", ""R511_001071"", ""R24_000640"", ""R21_000590""]",completed,
A_00107,D_00107,2025-09-15T16:38:00Z,2025-09-15T17:19:00Z,86.7,101,"[""N12_000315"", ""N14_000431"", ""N1_000066"", ""R21_000538"", ""N3_000221"", ""R511_001034"", ""R24_000665"", ""N14_000436"", ""R24_000642"", ""R511_001007"", ""R21_000569"", ""R511_001025"", ""R511_001018"", ""R511_001025"", ""R511_001044"", ""R55_001084"", ""N3_000136"", ""R24_000614"", ""R21_000590"", ""N14_000409""]",planned,
A_00108,D_00108,2025-09-15T17:38:00Z,2025-09-15T20:24:00Z,219.2,59,"[""R55_001093"", ""N1_000050"", ""N1_000082"", ""N12_000332"", ""R55_001093"", ""R21_000548"", ""R511_000985"", ""R24_000637"", ""R511_001034""]",rescheduled,weather
A_00109,D_00109,2025-09-17T22:38:00Z,2025-09-17T23:38:00Z,29.7,81,"[""R21_000481"", ""N12_000249"", ""N1_000050"", ""R21_000538"", ""R511_001018"", ""N14_000456"", ""M2_000917"", ""R24_000637""]",in_progress,
A_00110,D_00110,2025-09-15T02:38:00Z,2025-09-15T04:44:00Z,202.4,155,"[""N3_000190"", ""R24_000665"", ""R511_001018"", ""N1_000082"", ""N14_000456"", ""R511_001007"", ""M1_000825"", ""N3_000160"", ""R511_001025"", ""N3_000160"", ""N12_000348"", ""R24_000624"", ""N14_000431"", ""N1_000050"", ""N3_000160""]",rescheduled,weather
A_00111,D_00111,2025-09-16T02:38:00Z,2025-09-16T04:52:00Z,66.8,145,"[""N3_000160"", ""N12_000332"", ""R24_000684"", ""R24_000637"", ""R511_001018"", ""R511_001044"", ""N3_000212"", ""R511_001061"", ""R21_000549"", ""N12_000284"", ""R511_001044""]",delayed,roadwork
A_00112,D_00112,2025-09-15T05:38:00Z,2025-09-15T07:51:00Z,10.2,174,"[""N3_000160"", ""N3_000229"", ""R21_000485"", ""R511_001018"", ""R24_000637"", ""N3_000212"", ""R21_000569"", ""R21_000549"", ""R55_001093"", ""R511_001061"", ""R24_000637"", ""R511_001007"", ""M1_000818"", ""N12_000336"", ""N3_000191"", ""R511_001065"", ""N3_000136"", ""R511_001044"", ""R24_000665"", ""R21_000590""]",planned,
A_00113,D_00113,2025-09-16T00:38:00Z,2025-09-16T01:23:00Z,169.1,221,"[""N3_000160"", ""N12_000284"", ""R21_000548"", ""R21_000549"", ""R511_001061"", ""R55_001093"", ""R511_000985"", ""R511_001061"", ""N3_000190"", ""N3_000229"", ""R24_000637"", ""R21_000485"", ""R24_000684"", ""M2_000917"", ""N12_000284""]",planned,
A_00114,D_00114,2025-09-14T10:38:00Z,2025-09-14T12:14:00Z,218.3,206,"[""N3_000190"", ""N1_000082"", ""N12_000315"", ""R511_001007"", ""R511_001065"", ""R55_001147"", ""N14_000431"", ""N14_000409"", ""R24_000640""]",delayed,accident
A_00115,D_00115,2025-09-15T03:38:00Z,2025-09-15T06:21:00Z,73.4,141,"[""N3_000190"", ""N3_000221"", ""M2_000917"", ""R511_001007"", ""N3_000221"", ""N3_000199"", ""R21_000548"", ""N3_000199"", ""M2_000917"", ""R21_000485"", ""M1_000818"", ""N3_000191"", ""R24_000640"", ""N3_000136"", ""R21_000548"", ""N3_000160""]",in_progress,
A_00116,D_00116,2025-09-16T17:38:00Z,2025-09-16T20:24:00Z,47.9,193,"[""R21_000590"", ""N14_000436"", ""R511_001061"", ""N14_000409"", ""N14_000456"", ""N14_000431"", ""R21_000548"", ""R55_001093"", ""R511_001065"", ""N1_000066"", ""N12_000307"", ""N3_000212""]",planned,
A_00117,D_00117,2025-09-16T17:38:00Z,2025-09-16T20:29:00Z,101.0,139,"[""N3_000240"", ""N1_000082"", ""R24_000684"", ""N12_000322"", ""N1_000066"", ""M2_000917"", ""R511_001018"", ""R24_000709"", ""N3_000240"", ""R55_001160"", ""N14_000431"", ""R21_000485"", ""R511_001071"", ""R55_001093"", ""M1_000825""]",rescheduled,roadwork
A_00118,D_00118,2025-09-16T16:38:00Z,2025-09-16T18:34:00Z,24.9,114,"[""R511_001061"", ""N14_000431"", ""N3_000190"", ""R21_000569"", ""R21_000538"", ""N12_000307"", ""R511_001044"", ""R511_000985"", ""R511_000985"", ""N14_000431"", ""N3_000190"", ""N12_000307"", ""N14_000456"", ""R511_000985"", ""N3_000160"", ""R55_001155"", ""N1_000050"", ""M1_000832""]",in_progress,
A_00119,D_00119,2025-09-17T11:38:00Z,2025-09-17T14:05:00Z,212.4,98,"[""R511_001044"", ""R55_001084"", ""R55_001147"", ""R21_000569"", ""N14_000436"", ""R511_000985"", ""R24_000637"", ""N12_000322"", ""N12_000307"", ""N14_000456"", ""R21_000485"", ""R24_000709"", ""N12_000307""]",delayed,weather
A_00120,D_00120,2025-09-14T09:38:00Z,2025-09-14T12:24:00Z,173.1,99,"[""N14_000456"", ""N14_000456"", ""N3_000212"", ""R21_000485"", ""N12_000336"", ""R21_000590"", ""R511_001018"", ""R511_001025"", ""R511_001071"", ""R55_001093"", ""R55_001093"", ""N12_000336"", ""R55_001147"", ""R55_001147"", ""N14_000456"", ""R21_000590"", ""R21_000548"", ""R511_001018"", ""R511_001025"", ""R24_000684""]",rescheduled,accident
A_00121,D_00121,2025-09-15T02:38:00Z,2025-09-15T04:54:00Z,75.0,80,"[""N1_000082"", ""R511_001025"", ""R24_000624"", ""M1_000818"", ""R21_000569"", ""R511_001071"", ""N3_000221"", ""R511_001018"", ""N12_000307"", ""N3_000240"", ""N3_000229"", ""N3_000229"", ""R24_000665"", ""N14_000456""]",in_progress,
A_00122,D_00122,2025-09-14T15:38:00Z,2025-09-14T18:30:00Z,92.6,49,"[""N3_000229"", ""R21_000569"", ""N1_000050"", ""R21_000485"", ""N3_000229"", ""N14_000456"", ""R511_001065"", ""R511_001007""]",delayed,accident
A_00123,D_00123,2025-09-18T02:38:00Z,2025-09-18T04:47:00Z,133.0,166,"[""N14_000456"", ""N12_000322"", ""R21_000548"", ""M1_000839"", ""R55_001147"", ""R21_000582"", ""R511_001044"", ""N14_000436"", ""N3_000240"", ""M2_000917"", ""R511_001034"", ""R511_001065""]",rescheduled,accident
A_00124,D_00124,2025-09-17T12:38:00Z,2025-09-17T15:15:00Z,128.0,235,"[""R21_000549"", ""N3_000229"", ""N12_000336"", ""R21_000549"", ""R21_000569"", ""R55_001084"", ""R511_001061"", ""N12_000307"", ""N1_000082"", ""R21_000590"", ""R24_000614"", ""N12_000332""]",planned,
A_00125,D_00125,2025-09-17T10:38:00Z,2025-09-17T11:46:00Z,64.9,179,"[""R24_000640"", ""R21_000590"", ""R511_001034"", ""N1_000050"", ""R24_000637"", ""N14_000409"", ""N12_000336"", ""R511_001007"", ""N14_000456"", ""R55_001084"", ""N12_000284"", ""M1_000818"", ""N1_000066"", ""R24_000624"", ""R21_000538"", ""R24_000624"", ""R21_000481"", ""N3_000136""]",rescheduled,roadwork
A_00126,D_00126,2025-09-18T01:38:00Z,2025-09-18T02:48:00Z,59.8,176,"[""R55_001084"", ""N12_000307"", ""M1_000818"", ""N1_000050"", ""R55_001155"", ""M1_000818"", ""R24_000640"", ""N12_000307"", ""R511_001061"", ""R511_001065"", ""R21_000548"", ""M1_000825"", ""R511_000985"", ""R24_000624"", ""R21_000590"", ""R511_001044"", ""N3_000221""]",delayed,roadwork
A_00127,D_00127,2025-09-17T01:38:00Z,2025-09-17T03:28:00Z,46.3,139,"[""N14_000436"", ""R55_001155"", ""R511_001025"", ""N14_000409"", ""R24_000684"", ""N3_000190"", ""N3_000136"", ""R55_001147"", ""R24_000642"", ""N12_000341"", ""M1_000825"", ""R511_001007"", ""N12_000348"", ""R55_001093"", ""R24_000684"", ""N12_000249""]",completed,
A_00128,D_00128,2025-09-15T23:38:00Z,2025-09-16T02:15:00Z,183.9,144,"[""R511_001025"", ""R24_000709"", ""R21_000549"", ""N14_000431"", ""N3_000212"", ""M2_000917"", ""M1_000825"", ""R55_001147"", ""N12_000322"", ""N12_000284"", ""N3_000240"", ""N12_000284"", ""R511_000985"", ""R24_000665""]",rescheduled,weather
A_00129,D_00129,2025-09-14T21:38:00Z,2025-09-14T23:31:00Z,48.8,138,"[""N3_000136"", ""R511_001071"", ""R21_000590"", ""R24_000684"", ""R55_001160"", ""M2_000917"", ""R511_001061"", ""R511_001025"", ""N12_000348""]",completed,
A_00130,D_00130,2025-09-14T14:38:00Z,2025-09-14T16:05:00Z,72.4,85,"[""R24_000624"", ""N1_000082"", ""N3_000191"", ""R21_000485"", ""R24_000640"", ""M1_000818"", ""R55_001093"", ""N12_000348"", ""N3_000191"", ""N1_000066""]",delayed,weather
A_00131,D_00131,2025-09-15T18:38:00Z,2025-09-15T19:25:00Z,157.5,228,"[""R55_001147"", ""N12_000322"", ""N3_000136"", ""N12_000332"", ""N12_000284"", ""M1_000839"", ""R55_001155"", ""R511_001061""]",rescheduled,congestion
A_00132,D_00132,2025-09-16T06:38:00Z,2025-09-16T07:55:00Z,102.8,209,"[""R55_001084"", ""M1_000818"", ""R21_000569"", ""N3_000160"", ""N12_000332"", ""R21_000569"", ""N12_000322"", ""R24_000642"", ""R55_001084"", ""N1_000050"", ""N3_000136"", ""N3_000221"", ""N12_000322"", ""N14_000409"", ""R511_001018""]",in_progress,
A_00133,D_00133,2025-09-18T06:38:00Z,2025-09-18T08:37:00Z,99.8,63,"[""R21_000569"", ""N12_000249"", ""R21_000548"", ""N12_000341"", ""R511_001071"", ""R511_000985"", ""N12_000284"", ""R511_001061"", ""N14_000436"", ""R55_001155"", ""R511_001065""]",rescheduled,congestion
A_00134,D_00134,2025-09-17T08:38:00Z,2025-09-17T11:15:00Z,45.5,128,"[""M1_000825"", ""N3_000221"", ""M1_000818"", ""N12_000332"", ""N12_000336"", ""R24_000709"", ""N3_000190"", ""N3_000229"", ""N3_000212""]",planned,
A_00135,D_00135,2025-09-14T16:38:00Z,2025-09-14T18:27:00Z,155.3,207,"[""N14_000409"", ""N3_000199"", ""N3_000191"", ""R24_000624"", ""R21_000569"", ""R511_001034"", ""N3_000136"", ""R511_001025"", ""R511_001018""]",completed,
A_00136,D_00136,2025-09-15T22:38:00Z,2025-09-16T00:17:00Z,26.4,181,"[""R21_000548"", ""N12_000322"", ""N12_000307"", ""N14_000409"", ""R511_001025"", ""M1_000818"", ""R24_000624"", ""R21_000549"", ""R511_001044"", ""N12_000315"", ""R24_000624"", ""M1_000839"", ""R21_000538"", ""R511_000985"", ""R21_000485"", ""N3_000240"", ""R21_000538""]",rescheduled,roadwork
A_00137,D_00137,2025-09-16T04:38:00Z,2025-09-16T06:37:00Z,100.4,108,"[""R21_000590"", ""N1_000050"", ""N12_000307"", ""R21_000485"", ""R511_001034"", ""R24_000614"", ""R55_001160"", ""N14_000436"", ""R511_001018"", ""R511_001018"", ""N12_000348"", ""R511_001025"", ""R24_000637"", ""R55_001160"", ""M1_000818"", ""N12_000336""]",delayed,accident
A_00138,D_00138,2025-09-14T19:38:00Z,2025-09-14T21:47:00Z,199.2,91,"[""R24_000640"", ""R511_001025"", ""R511_000985"", ""N1_000050"", ""N3_000191"", ""N3_000221"", ""R55_001155"", ""R55_001093"", ""R511_001061"", ""R511_001071"", ""N3_000212"", ""R24_000642"", ""N14_000456"", ""R511_001061"", ""N12_000307"", ""R21_000481"", ""N12_000284""]",completed,
A_00139,D_00139,2025-09-14T11:38:00Z,2025-09-14T12:08:00Z,16.2,114,"[""R21_000582"", ""N14_000431"", ""R21_000590"", ""R21_000569"", ""R24_000684"", ""R21_000582"", ""R511_001018"", ""N12_000315"", ""N14_000456"", ""R21_000548"", ""N3_000191"", ""R21_000582"", ""R21_000485"", ""R511_000985""]",completed,
A_00140,D_00140,2025-09-14T10:38:00Z,2025-09-14T11:57:00Z,187.5,72,"[""N3_000221"", ""R55_001160"", ""R24_000640"", ""R511_001018"", ""R21_000549"", ""R21_000485"", ""N12_000315"", ""R511_001007"", ""R21_000485"", ""M1_000825"", ""N3_000160"", ""R21_000590"", ""R511_001007"", ""N3_000199""]",delayed,roadwork
A_00141,D_00141,2025-09-17T13:38:00Z,2025-09-17T15:15:00Z,28.4,48,"[""R24_000624"", ""R21_000582"", ""N3_000212"", ""M2_000917"", ""N3_000190"", ""N12_000336"", ""N3_000229"", ""M2_000917"", ""R511_001034""]",in_progress,
A_00142,D_00142,2025-09-14T16:38:00Z,2025-09-14T17:50:00Z,196.3,202,"[""R21_000549"", ""R55_001155"", ""N14_000431"", ""R24_000614"", ""R24_000684"", ""R511_001071"", ""R24_000709"", ""R55_001147"", ""N12_000307"", ""R511_001034""]",in_progress,
A_00143,D_00143,2025-09-15T07:38:00Z,2025-09-15T08:14:00Z,190.1,162,"[""N1_000050"", ""R24_000614"", ""N3_000212"", ""N12_000336"", ""R511_001044"", ""R24_000637"", ""N14_000436"", ""N3_000136"", ""R511_001018"", ""N12_000322"", ""R21_000569"", ""R21_000582"", ""R21_000582"", ""N3_000190"", ""N3_000221"", ""R21_000569"", ""R21_000548""]",in_progress,
A_00144,D_00144,2025-09-18T03:38:00Z,2025-09-18T04:58:00Z,132.6,206,"[""N1_000050"", ""N3_000199"", ""N3_000190"", ""N12_000336"", ""R55_001160"", ""R55_001147"", ""N1_000066"", ""M1_000825"", ""R21_000485"", ""R511_001071"", ""R21_000481"", ""M1_000825"", ""R511_001071""]",rescheduled,accident
A_00145,D_00145,2025-09-18T06:38:00Z,2025-09-18T08:58:00Z,114.3,136,"[""N3_000199"", ""R511_001007"", ""R55_001147"", ""N3_000212"", ""R24_000684"", ""R24_000624"", ""M2_000917"", ""N3_000191"", ""N12_000249"", ""R511_001061"", ""R21_000481"", ""N12_000348"", ""N3_000191"", ""M1_000825"", ""N14_000436"", ""N3_000190"", ""R511_001025"", ""R24_000709"", ""R511_001061"", ""M1_000825""]",rescheduled,congestion
A_00146,D_00146,2025-09-14T12:38:00Z,2025-09-14T13:19:00Z,42.0,225,"[""R55_001155"", ""R511_001061"", ""N12_000249"", ""N12_000284"", ""N3_000160"", ""R21_000481"", ""R55_001084"", ""R24_000624"", ""N12_000336"", ""R24_000642"", ""R24_000642""]",in_progress,
A_00147,D_00147,2025-09-15T05:38:00Z,2025-09-15T07:11:00Z,48.7,85,"[""R511_001044"", ""M1_000839"", ""R24_000637"", ""N3_000240"", ""N3_000136"", ""N12_000249"", ""R24_000637"", ""R21_000582"", ""R511_001071"", ""R24_000637"", ""M1_000818"", ""R24_000624"", ""R24_000684"", ""N12_000348"", ""R511_001044""]",completed,
A_00148,D_00148,2025-09-17T11:38:00Z,2025-09-17T14:09:00Z,134.8,22,"[""N12_000348"", ""N3_000136"", ""N12_000284"", ""N12_000249"", ""N3_000240"", ""R21_000548"", ""R511_001044"", ""N12_000348"", ""M1_000825"", ""N12_000322"", ""R511_001018"", ""N3_000221"", ""M1_000818"", ""M1_000825"", ""N12_000249"", ""R21_000582"", ""R24_000614"", ""N12_000315"", ""R24_000709"", ""R24_000709""]",in_progress,
A_00149,D_00149,2025-09-14T16:38:00Z,2025-09-14T19:15:00Z,123.5,70,"[""R21_000590"", ""N3_000240"", ""N14_000409"", ""R511_001007"", ""N14_000409"", ""N3_000221"", ""N3_000212"", ""N1_000050"", ""R55_001093"", ""R511_001044"", ""R55_001093"", ""R24_000642"", ""R511_001065"", ""R24_000642"", ""N14_000456"", ""N3_000212"", ""N3_000160"", ""N14_000409"", ""N1_000082""]",in_progress,
